flipbookKitapLink,pdfIndirmeLink,zipIndirmeLink,kitapThumbnailLink
https://ogmmateryal.eba.gov.tr/panel/upload/etkilesimli/kitap/liseye-hosgeldin/lhg-neler-getiriyor/index.html,https://ogmmateryal.eba.gov.tr/panel/upload/etkilesimli/kitap/liseye-hosgeldin/lhg-neler-getiriyor/lhg-neler-getiriyor.pdf,https://ogmmateryal.eba.gov.tr/panel/upload/etkilesimli/kitap/liseye-hosgeldin/lhg-neler-getiriyor/lhg-neler-getiriyor.zip,https://ogmmateryal.eba.gov.tr/panel/upload/etkilesimli/kitap/liseye-hosgeldin/lhg-neler-getiriyor/files/thumb/1.jpg
https://ogmmateryal.eba.gov.tr/panel/upload/etkilesimli/kitap/liseye-hosgeldin/biyoloji/index.html,https://ogmmateryal.eba.gov.tr/panel/upload/etkilesimli/kitap/liseye-hosgeldin/biyoloji/biyoloji.pdf,https://ogmmateryal.eba.gov.tr/panel/upload/etkilesimli/kitap/liseye-hosgeldin/biyoloji/biyoloji.zip,https://ogmmateryal.eba.gov.tr/panel/upload/etkilesimli/kitap/liseye-hosgeldin/biyoloji/files/thumb/1.jpg
https://ogmmateryal.eba.gov.tr/panel/upload/etkilesimli/kitap/liseye-hosgeldin/cografya/index.html,https://ogmmateryal.eba.gov.tr/panel/upload/etkilesimli/kitap/liseye-hosgeldin/cografya/cografya.pdf,https://ogmmateryal.eba.gov.tr/panel/upload/etkilesimli/kitap/liseye-hosgeldin/cografya/cografya.zip,https://ogmmateryal.eba.gov.tr/panel/upload/etkilesimli/kitap/liseye-hosgeldin/cografya/files/thumb/1.jpg
https://ogmmateryal.eba.gov.tr/panel/upload/etkilesimli/kitap/liseye-hosgeldin/felsefe/index.html,https://ogmmateryal.eba.gov.tr/panel/upload/etkilesimli/kitap/liseye-hosgeldin/felsefe/felsefe.pdf,https://ogmmateryal.eba.gov.tr/panel/upload/etkilesimli/kitap/liseye-hosgeldin/felsefe/felsefe.zip,https://ogmmateryal.eba.gov.tr/panel/upload/etkilesimli/kitap/liseye-hosgeldin/felsefe/files/thumb/1.jpg
https://ogmmateryal.eba.gov.tr/panel/upload/etkilesimli/kitap/liseye-hosgeldin/fizik/index.html,https://ogmmateryal.eba.gov.tr/panel/upload/etkilesimli/kitap/liseye-hosgeldin/fizik/fizik.pdf,https://ogmmateryal.eba.gov.tr/panel/upload/etkilesimli/kitap/liseye-hosgeldin/fizik/fizik.zip,https://ogmmateryal.eba.gov.tr/panel/upload/etkilesimli/kitap/liseye-hosgeldin/fizik/files/thumb/1.jpg
https://ogmmateryal.eba.gov.tr/panel/upload/etkilesimli/kitap/liseye-hosgeldin/ingilizce/index.html,https://ogmmateryal.eba.gov.tr/panel/upload/etkilesimli/kitap/liseye-hosgeldin/ingilizce/ingilizce.pdf,https://ogmmateryal.eba.gov.tr/panel/upload/etkilesimli/kitap/liseye-hosgeldin/ingilizce/ingilizce.zip,https://ogmmateryal.eba.gov.tr/panel/upload/etkilesimli/kitap/liseye-hosgeldin/ingilizce/files/thumb/1.jpg
https://ogmmateryal.eba.gov.tr/panel/upload/etkilesimli/kitap/liseye-hosgeldin/kimya/index.html,https://ogmmateryal.eba.gov.tr/panel/upload/etkilesimli/kitap/liseye-hosgeldin/kimya/kimya.pdf,https://ogmmateryal.eba.gov.tr/panel/upload/etkilesimli/kitap/liseye-hosgeldin/kimya/kimya.zip,https://ogmmateryal.eba.gov.tr/panel/upload/etkilesimli/kitap/liseye-hosgeldin/kimya/files/thumb/1.jpg
https://ogmmateryal.eba.gov.tr/panel/upload/etkilesimli/kitap/liseye-hosgeldin/matematik/index.html,https://ogmmateryal.eba.gov.tr/panel/upload/etkilesimli/kitap/liseye-hosgeldin/matematik/matematik.pdf,https://ogmmateryal.eba.gov.tr/panel/upload/etkilesimli/kitap/liseye-hosgeldin/matematik/matematik.zip,https://ogmmateryal.eba.gov.tr/panel/upload/etkilesimli/kitap/liseye-hosgeldin/matematik/files/thumb/1.jpg
https://ogmmateryal.eba.gov.tr/panel/upload/etkilesimli/kitap/liseye-hosgeldin/tarih/index.html,https://ogmmateryal.eba.gov.tr/panel/upload/etkilesimli/kitap/liseye-hosgeldin/tarih/tarih.pdf,https://ogmmateryal.eba.gov.tr/panel/upload/etkilesimli/kitap/liseye-hosgeldin/tarih/tarih.zip,https://ogmmateryal.eba.gov.tr/panel/upload/etkilesimli/kitap/liseye-hosgeldin/tarih/files/thumb/1.jpg
https://ogmmateryal.eba.gov.tr/panel/upload/etkilesimli/kitap/liseye-hosgeldin/tde/index.html,https://ogmmateryal.eba.gov.tr/panel/upload/etkilesimli/kitap/liseye-hosgeldin/tde/tde.pdf,https://ogmmateryal.eba.gov.tr/panel/upload/etkilesimli/kitap/liseye-hosgeldin/tde/tde.zip,https://ogmmateryal.eba.gov.tr/panel/upload/etkilesimli/kitap/liseye-hosgeldin/tde/files/thumb/1.jpg
